{
	"comment": "This is a sample configuration",
	"subscriptions": [
		"/Sysdb/environment/cooling/status",
		"/Sysdb/environment/power/status",
		"/Sysdb/environment/temperature/status",
		"/Sysdb/interface/counter/eth/lag",
		"/Sysdb/interface/counter/eth/slice/phy"
	],
	"metricPrefix": "eos",
	"metrics": {
		"intfCounter": {
			"path": "/Sysdb/(interface)/counter/eth/(?:lag|slice/phy/.+)/intfCounterDir/(?P<intf>.+)/intfCounter/current/statistics/(?P<direction>(?:in|out))(Octets|Errors|Discards)"
		},
		"intfPktCounter": {
			"path": "/Sysdb/(interface)/counter/eth/(?:lag|slice/phy/.+)/intfCounterDir/(?P<intf>.+)/intfCounter/current/statistics/(?P<direction>(?:in|out))(?P<type>(?:Ucast|Multicast|Broadcast))(Pkt)"
		},

		"tempSensor": {
			"path": "/Sysdb/(environment)/temperature/status/tempSensor/(?P<sensor>.+)/((?:maxT|t)emperature)/value"
		},
		"tempSensorAlert": {
			"path": "/Sysdb/(environment)/temperature/status/tempSensor/(?P<sensor>.+)/(alertRaisedCount)"
		},
		"currentSensor": {
			"path": "/Sysdb/(environment)/power/status/currentSensor/(?P<sensor>.+)/(current)/value"
		},
		"powerSensor": {
			"path": "/Sysdb/(environment/power)/status/powerSupply/(?P<sensor>.+)/(input|output)Power/value"
		},
		"voltageSensor": {
			"path": "/Sysdb/(environment)/power/status/voltageSensor/(?P<sensor>.+)/(voltage)/value"
		},
		"railCurrentSensor": {
			"path": "/Sysdb/(environment)/power/status/voltageSensor/(?P<sensor>.+)/(current)/value"
		},
		"fanSpeed": {
			"path": "/Sysdb/(environment)/cooling/status/(fan)/(?P<fan>.+)/(speed)/value"
		}
	}
}
